id,text,label_id,label_text
17597,* * * When I came upon the scene and pulled my car off the road and stopped and looked over * * * the accident he (appellant) was standing right there.,1,Facts
17796,"* * *” The mere omission, in the court’s order of transfer, of a recitation that it was with consent of the court to which the transfer was made would not render the order of transfer void.",4,Analysis
17849,"15, V.A.C.C.P., authorizes all persons confined in penal institutions of this state, except those persons under the sentence of death, to be released on parole after recommendation by the pardons board and the approval of the governor, when one-third of the maximum sentence imposed has been served, with the further provision that one may be paroled —in any case— after serving fifteen years.",3,Rule/Law/Holding
17795,"2, V.A.C.C.P., which reads “* * * provided no case shall be transferred without the consent of the Judge of the Court to which transferred.",7,Invalid sentences
17843,"381, 271 S.W. 2d 663, in passing upon the question of jury misconduct directly growing out of the receipt of other testimony after retirement of the jury, it was held that this court’s primary concern was to determine whether or not the information received by the jury was untrue or was harmful to the appellant.",3,Rule/Law/Holding
17791,4 and 5 of Harris County was not in effect at that time.,7,Invalid sentences
17787,"6, V.A.C.C.P., which reads: “The District Judges of the Criminal District Courts of Harris County shall successively appoint Grand Jury commissioners and empanel Grand Juries.”",7,Invalid sentences
17814,"630, 323 S.W. 2d 43, and the cases there cited, calls for the reversal of the conviction and a dismissal of the prosecution under the present indictment.",1,Facts
17839,"98, 267 S.W. 2d 557, and the facts in this case are identical with the reported facts in Montello’s case.",7,Invalid sentences
17856,"A check payable to “Jesse Dagley, Trinity, Texas” drawn on the Houston Packing Company dated January 14 in the sum of $570.50 and endorsed “Jesse Dagley” was introduced in evidence.",1,Facts
17564,A judgment nisi which does not contain this statutory provision is void and cannot be made the basis of a final judgment.,4,Analysis
17524,"A short time later, the appellant returned stating that he wanted a second ring and an additional $5 cash.",1,Facts
17780,A witness was called by appellant who testified that he had seen the appellant a short time prior to the collision and that at such time he was not intoxicated.,1,Facts
17748,"About 3 P.M. the same day, the deceased entered a pool hall where Robert and appellant were.",1,Facts
17624,"Accident investigator Allison testified that when he arrived at the scene appellant was being loaded into an ambulance, that he later went to the hospital where he talked to appellant who was lying on a stretcher in the hall, that appellant admitted he had been the driver of the automobile involved in the collision and consented in writing to the taking of a blood test.",1,Facts
17543,"After the next witness called by the state had testified without objection to substantially the same facts, appellant moved to strike it on the same grounds.",4,Analysis
17747,"After the proprietor heard Robert’s statement, he gave him $4.90 and Robert left.",1,Facts
17546,"After the witness testified without objection that appellant had told the grand jury his written statement was true, the witness was next asked if the appellant mentioned the officers offering him anything or threatening him and he replied: “No, sir, he did not.",4,Analysis
17645,"Agent Bland testified that he was the first to leave the automobile and that he proceeded to a liquor store across the street from the Soto cafe where he set up a surveillance of the cafe, that he saw Tafolla coming from the direction of the automobile where he had left him, saw him enter the Soto cafe, that a short while thereafter Tafolla came out of the cafe in company with appellant, and while they were standing on the sidewalk one Victor Mandujano came up to them and the three engaged in a conversation.",1,Facts
17643,"Agent Bland, they went to the home of Edward Tafolla, who was at the time acting as a special employee of the Bureau of Narcotics and the San Antonio police, searched him, gave him $10.00, and carried him to a point in the city where they parked the government automobile in which they were traveling.",1,Facts
17554,"Although there was evidence without objection of several acts which were barred by limitation, yet such testimony was admissible.",5,Conclusion
17437,An analysis of the contents of the 3 capsules by Chemist Kenneth Anderson of the Alcohol and Tobacco Tax Division of the U. S.,1,Facts
17757,An examination of the deceased’s body by a physician revealed three gun shot wounds; two in the right abdomen and the third in the left buttock which entered from the back.,1,Facts
17473,Any claims of error for want of proper service became a nullity when the surities appeared in person and by counsel in open court upon the call of this cause and announced ready for.,5,Conclusion
17576,Appelland and his wife testified that it was Hight and not appellant who lost his temper and was the aggressor throughout.,1,Facts
17470,"Appellant Martin, by written motion sought to quash the citation issued and served on him.",2,Issue
17808,Appellant and his counsel both agreed and stipulated in open court to the taking of the deposition of this witness.,1,Facts
17690,"Appellant and one James Lyles were arrested in Houston the following afternoon when they were seen in the automobile which had been parked near the drug store, description and license number of which had been reported to Houston officers.",1,Facts
17805,Appellant apparently urges this contention as fundamental error.,1,Facts
17461,"Appellant argues with much force that her possession of heroin, shown by the state’s evidence, was only such as necessarily resulted from her accommodation of Armstrong in its purchase.",2,Issue
17408,"Appellant called as witness his wife and Odell Harris, but neither was asked to express an opinion, or testify as to his con",7,Invalid sentences
17545,Appellant complains of the refusal of the trial court to grant a mistrial when a state’s witness volunteered information that appellant had taken a lie detector test.,2,Issue
17693,Appellant complains that the court erred in failing to charge the jury on the issue of insanity as a defense and on temporary insanity.,2,Issue
17701,Appellant contends that the court erred in not permitting his counsel to ask Mrs. Williams whether or not she had an opinion as to whether appellant knew the difference between right and wrong.,2,Issue
17409,Appellant contends that the court erred in permitting Dr. Mason to testify concerning the blood sample and its analysis and to give his opinion based thereon.,2,Issue
17553,Appellant contends that the trial court erred in admitting evidence of acts of intercourse between the appellant and prosecutrix beyond the period of limitation.,2,Issue
17762,Appellant did not testify but called his brother Robert and several other witnesses.,1,Facts
17505,Appellant did not testify or call any witnesses who gave testimony material to the issue of his guilt.,1,Facts
17439,Appellant did not testify or offer any evidence in her behalf.,1,Facts
13183,Appellant did not testify or offer any evidence.,1,Facts
17660,"Appellant filed a motion to reinstate the appeal and sought to amend the bond by filing a new bond, claiming his right to do so under the provisions of Art. 835, Vernon’s Ann.",2,Issue
17608,Appellant fled the scene prior to the arrival of the ambulance.,1,Facts
17404,Appellant further testified that he and his wife were taken to Parkland Hospital where she was laid on.,7,Invalid sentences
17453,Appellant insists that the court committed reversible error in permitting the state’s witness to testify that on prior occasions he had purchased heroin from her over the objection that such was proof of extraneous offenses.,2,Issue
17610,"Appellant stated that he intended to give himself up, but, instead, he successfully evaded officers who were searching for him for two days.",1,Facts
17381,"Appellant testified that Butler stopped him and asked him for a pint of whisky, and he told him he did not sell whisky and had none.",1,Facts
17779,Appellant testified that any loss of his mental and physical faculties at such time was caused by an asthmatic condition from which he was then suffering.,1,Facts
17525,"Appellant then drew a check for $17, gave it to the injured party, his original check for $7 was destroyed and the injured party gave him another ring and $5 cash.",1,Facts
17782,"Appellant urges as fundamental error, (1) that the indictment presented against him was returned by a grand jury which was not duly and legally impanelled and (2) that the Criminal District Court No. 4, in which he was tried and convicted, was without jurisdiction and authority to try him because the cause had not been legally transferred to said court.",2,Issue
17695,Appellant was arrested the following day and two or three days later was released on bond.,1,Facts
17658,"Appellant was convicted in the corporation court of the City of Del Rio, Val Verde County, for the offense of unlawfully plac",7,Invalid sentences
17486,Appellant was convicted of the offense of assault with intent to murder without malice and his punishment was assessed at two years.,1,Facts
17603,"Appellant was not tried for murder, negligent homicide or aggravated assault with a motor vehicle, but for failing to stop and render to the person struck and injured the aid of carrying him to a physician or surgeon for treatment.",1,Facts
17737,"Appellant was seen to drop a small paper bag out of the car window which burst open, allowing its contents to scatter.",1,Facts
17732,"Appellant was tried before the court upon his plea of not guilty to a complaint and information charging possession, not for evidence purposes, of policy plays designed and adaptable for use in connection with a policy game.",4,Analysis
17401,"Appellant, as a witness in his own behalf, gave his version of the collision and testified that he was not intoxicated.",1,Facts
17631,"Appellant, testifying in his own behalf, admitted drinking beer at his brother-in-law’s house during the afternoon prior to the collision and stated that he did not remember leaving the house, the collision or anything that occurred at the hospital.",1,Facts
17653,"Appellant, testifying in his own behalf, admitted seeing Tafolla at the Soto cafe on the day in question, admitted seeing Mandujano in the street and admitted a prior Federal conviction, but denied any connection with narcotics.",1,Facts
17535,"Appellant, testifying in his own behalf, denied that he had ever had intercourse with the prosecutrix.",1,Facts
17857,"Appellant, testifying in his own behalf, stated that he had left his home in Houston to go on a date, that he returned home after midnight and was drinking",1,Facts
17602,Appellant’s automobile was apparently disabled.,1,Facts
17628,Appellant’s brother-in-law testified in his behalf and stated,7,Invalid sentences
17692,"Appellant’s confession made to County Attorney Jenson was introduced in evidence which reads, in part:",6,Others
17809,Appellant’s counsel cross-examined the witness at length at the time the deposition was taken.,1,Facts
17440,Appellant’s main contention on appeal is that the evidence is insufficient to sustain the conviction.,5,Conclusion
12022,Appellant’s motion for rehearing is overruled.,5,Conclusion
17680,"Appellant’s testimony was to the effect that he and his wife had gone to the party, had danced and drunk and talked; that upon their return home he was lying on the bed and had dozed off when the police came in and shined a light in his face; that at the time he did not know they were officers; that he told them to get the light out of his eyes.",1,Facts
17629,"Appellant’s wife testified that appellant had “several beers” on the afternoon in question and that he ran into the tank truck because he did not see it, but that appellant was not intoxicated and did not appear “in his normal rational state of mind” while at the hospital.",1,Facts
17679,Appellant’s wife testified that she and her husband left the party for home; that they had no trouble; that she was talking to a woman next door when police cars drove up and the officers went in the house and shined a flashlight in appellant’s face.,1,Facts
17731,Approximately fifteen minutes.”,1,Facts
17563,"Art. 425 V.A.C.C.P., provides that the judgment nisi “* * * shall state that the same will be made final, unless good cause be shown at the next term of court why the defendant did not appear.”",7,Invalid sentences
17421,"As has been stated, the report identified the blood as that extracted from Jesse Enos Ray by Dr. Gibbons, as appellant testified and as Dr. Gibbons testified.",4,Analysis
17425,"As has been stated, the report was used only for the purpose of identifying the blood sample.",1,Facts
17571,"At the hearing, High testified that he was superintendent of the Gregg County Road Department, had stopped at English’s store in said county, when appellant approached him complaining about how fast the county trucks were traveling as they passed his house, and informed him that if he (Hight) didn’t stop them from going so fast (appellant) would do so and said, “I mean just that.”",1,Facts
17765,"At this point appellant told the deceased that if Robert owes you $5 he (appellant) would pay it, but Robert then said that he did not owe him any money.",1,Facts
17541,At this time the appellant made no objection but moved to strike the testimony of the grand juror showing what appellant told the grand jury because such statements were not reduced to writing and witnessed as required by statute.,1,Facts
17752,"At this time the appellant, while waving a pistol, told his brother Robert to move back.",1,Facts
17468,"B. Shapiro filed a verified answer and denial in this cause on October 24, 1959.",1,Facts
17841,"Be that as it may, while Montello may be regarded as authority for the proposition that it is knowledge that we have in Texas a board of pardons and paroles and that, together with the Governor, they exercise the power vested in them to grant clemency in the matter of pardons and paroles and commutation of punishment, such “common knowledge” must be correct as a matter of law in order to be properly employed by a jury in reaching a verdict.",3,Rule/Law/Holding
17619,"Because of the insufficiency of the evidence to corroborate the confession and admission of the appellant, the judgment is reversed and the cause is remanded.",5,Conclusion
17648,Bland further testified that the “going price” for illicit heroin at the time in question was $4.50 per capsule.,1,Facts
17520,By entry of judgment nunc pro tunc the original judgment has been reformed to correctly reflect that the appellant plead not guilty in the trial court rather than guilty.,4,Analysis
17798,"By informal bills of exception, appellant complains of the",7,Invalid sentences
17829,"Coley, the next witness, testified that he remembered the Selby case being mentioned in the discussion concerning the meaning of life imprisonment and the number of years a man “would stay in the.",7,Invalid sentences
17483,Complaint is again made as to the service on appellant Martin.,1,Facts
17845,"Consequently, the judgment in that case was affirmed.",5,Conclusion
17467,Deem failed to appear in said court when he was called to abide the judgment of the Court of Criminal Appeals of Texas as conditioned in said recognizance.,7,Invalid sentences
17465,"Deem, from the final judgment of Criminal District Court No. 2 of Harris County upon a forfeiture of said recognizance.",5,Conclusion
17478,"Deputy District Clerk Keegan testified that the name of the principal was called distinctly three times outside the court room door, but that he did not know if it was called at the main door of the court house.",1,Facts
17503,"Deputy Sheriff Roy C. Willim, Identification Officer of the Sheriff’s Department of El Paso County whose qualifications as a fingerprint expert were shown, testified that he had made a comparison of certain fingerprints which he had taken of the appellant with the fingerprints contained in the prison records, and, that in his opinion both prints were of one and the same person.",1,Facts
17397,"Dr. Gibbons testified that on May 9,1959, the day in question, he was Resident Physician in the Emergency Room at Parkland Memorial Hospital; that a book was kept in the Emergency Room showing the names of people who came in and other information regarding blood samples for alcohol test, which was an official record of the hospital.",1,Facts
17399,"Dr. Martin Mason, Director of the Dallas City-County Grim",7,Invalid sentences
17420,"Dr. Mason was then further examined and thereafter was permitted to read to the jury the information that was contained on the outside of the specimen, over the objection: “Your Honor, again I would like to object to the improper predicate being laid and hearsay testimony.”",2,Issue
17745,During the game Robert accused someone of taking $5 of his money.,1,Facts
17754,Edward Turner testified without objection that later that night appellant was in his cafe pointing a pistol at another person and that he called the police.,1,Facts
17689,Entry into the building was made through the roof by boring holes and removing a portion thereof.,1,Facts
17424,"Even so, the objection was levelled at the whole report and did not point out the apparent corroboration on the disputed issue.",1,Facts
17380,"Evidence was offered showing the dry status of Hale County, which proof included the records of the commissioners court and stipulations by appellant.",1,Facts
17862,"Finding the evidence sufficient and no reversible error appearing, the judgment of the trial court is affirmed.",5,Conclusion
17530,"Finding the evidence sufficient to support the conviction, the judgment is affirmed.",5,Conclusion
17851,"For the reasons stated, the judgment is reversed and the cause is remanded.",5,Conclusion
17587,"Four boys were around the 1955 Ford, two of whom, Thomas Abner Langford and Roy Lewis Burt, were killed.",1,Facts
17398,"From the entries he made in said record, Dr. Gibbons testified that he drew blood from Jesse E. Ray on May 9, 1959, with his permission; that boric acid was used to clean the arm rather than alcohol, and that he signed the record.",1,Facts
17552,"From the record, this complaint does not present reversible error.",5,Conclusion
17574,Fuller testified that he knew appellant and had arrested him on prior occassions; that he was wearing his badge on the occasion in question; that appellant started telling him “about the trucks and the dust;” that he informed appellant that the road over which the trucks were traveling was in Upshur County and out of his jurisdiction; and that he warned appellant not to take the law into his own hands but report the matter to the sheriff of the proper county.,1,Facts
17859,Fussell was at the time of this trial serving a term in the penitentiary for this theft.,1,Facts
17536,He admitted signing the statement introduced in evidence but said he signed it because his daughter (the prosecutrix) had been arrested and he was of the impression she was in serious danger; and that the sheriff told him it would be lighter on him if he would sign it.,1,Facts
17469,"He also filed another sworn answer and denial May 13, 1960.",1,Facts
17504,He also testified that the photograph contained in the prison records was that of the appellant.,1,Facts
17659,"He appealed to the county court, where the state’s motion to dismiss the appeal because of a defective appeal bond was granted.",2,Issue
17654,He called several witnesses to show that when he was arrested later that night no narcotics or money was found on his person.,1,Facts
17746,"He did not accuse anyone by name, but pulled his pistol, pointed it toward the deceased, saying he wanted his money as he backed toward the door.",1,Facts
17392,He didn’t want to raise his head.”,1,Facts
17704,He doesn’t even know me” during a seizure and,7,Invalid sentences
17634,He first contends that the court erred in limiting him in his redirect examination of Mrs. Terry.,2,Issue
17769,"He further testified that he did not see the deceased put his hand in Robert’s pocket or rip the pocket off, and did not see any pistol on or near the deceased.",1,Facts
17682,He further testified that none of the officers told him he was under arrest.,1,Facts
17837,He further testified that the Selby murder case was mentioned very briefly in the deliberations; that a discussion about the length of time Selby would have to serve was used as an example of a life sentence; that there was a possibility of a person with a life sentence being eligible for parole in seven or eight years “upon good behavior and the Board of Trustees [sic] and the Governor putting him on parole.”,1,Facts
17540,"He further testified, without objection, that the appellant read the statement, said he signed it and that it was true, and made no claim that it was involuntarily made.",2,Issue
17484,"He is in no position to complain because he had already been served in this cause on May 5, 1959, long prior to the issuance of the alias scire facias.",4,Analysis
17393,He kept saying “Leave ‘me alone.’ ”,1,Facts
17637,He next contends that the court erred in failing to grant his motion for new trial based upon newly discovered evidence.,2,Issue
17547,He said he went to Lubbock and took that lie detector test and he took it of his own free will and accord.”,4,Analysis
17598,He seemed kinda dazed like.”,1,Facts
17406,"He soon thereafter left the hospital, and about midnight had his hand sewed up at St. Paul’s Hospital.",1,Facts
17604,He stands convicted for failing to do that which others present with means at hand considered not necessary or proper.,5,Conclusion
17647,"He stated that Tafolla and appellant walked together to a shack on Montezuma Alley, which they entered and where they remained approximately ten minutes, and when they emerged they walked back to the Soto cafe, at which point they separated, and Tafolla proceeded back to the government automobile.",1,Facts
17575,"He stated that appellant started to leave but stopped and hollered,",7,Invalid sentences
17651,"He stated that appellant told him that if he would “give him a small fix,” he would “connect for him,” which he explained was the vernacular employed by ad-",7,Invalid sentences
17625,"He stated that appellant’s speech was slurred, that there was a strong odor of alcohol on his breath, and expressed the opinion that he was intoxicated, but that in his opinion, from talking with appellant, he appeared to understand the written consent to the taking of a blood sample which he read to appellant and which appellant read himself, and that a specimen of appellant’s blood was taken.",1,Facts
17623,"He stated that he observed a number of open beer bottles on the floorboard of appellant’s automobile, that appellant had blood on his face, and, from his observation of appellant, expressed the opinion that he was intoxicated.",1,Facts
17681,He stated that he then saw that they were officers when his wife turned on a light; that Officer Dillard “ran into” him as he started getting up from the bed and they then fell across it together; that he did not remember seeing what happened “because they was all of top of [him] ”; that someone hit him in the head with a pistol.,1,Facts
17632,He testified further that he did not appear before a judge in the prior misdemeanor conviction in Sweetwater.,2,Issue
17646,"He testified that Tafolla handed something to appellant, and appellant, in turn, handed it to Mandujano, and the three walked south on Zarzamora a short distance and came to a halt, at which time Mandujano crossed the street, entered a filling station, and when he returned to where Tafolla and appellant were waiting he (Mandujano) handed a package to appellant; appellant, in turn, handed it to Tafolla, and Mandujano then left.",1,Facts
17650,"He testified that he waited some five minutes and proceeded in the same direction, that when he entered the cafe he found appellant seated in a booth with two other men, that he joined them and appellant asked him if he was “looking for some stuff,” and that he replied in the affirmative.",1,Facts
17402,"He testified that he went to the Silver Dollar Bar, which-he owned at the time, after lunch and remained there until a few minutes after 5 P.M., and while there he and his wife drank three beers; that he and his wife were going home, accompanied by Odell Harris; that-after the collision the car he was driving ended up against the curb; that he did not get out because his wife was “hurt pretty bad” and his hand was “busted open between my index finger and my thumb and I was bleeding at the nose.”",1,Facts
17853,He testified that later in the day he identified his four head of cattle at Houston Packing Company.,1,Facts
17749,He told Robert that he owed him $5 which Robert denied.,1,Facts
17674,He was swinging at everyone.”,7,Invalid sentences
17390,He was uncooperative.,1,Facts
17391,He wouldn’tlet me look at him.,1,Facts
17462,Her contention is that she could not be successfully prose,7,Invalid sentences
17435,He’ll be here in a few minutes.”,1,Facts
17572,High said that appellant claimed the road over which the trucks were traveling was a private road when he (Hight) knew it to be a public road; that he then called Constable Fuller,7,Invalid sentences
17447,"However, if the criminal design originates in the mind of the officer and he induces a person to commit a crime which he would not otherwise have committed except for such inducement, such is entrapment and, in law, may constitute a defense.",4,Analysis
17611,I respectfully dissent.,1,Facts
17607,I would affirm the conviction.,5,Conclusion
17697,I would say two hours anyway.”,4,Analysis
17594,"If appellant was driving the 1951 Ford, he complied with the first requirement of Art. 1150 P.C. and Art. 6701d, Sec.",4,Analysis
17846,"If statements are untrue, the making of them clearly constitutes misconduct warranting reversal.",3,Rule/Law/Holding
17817,"In his motion for new trial, appellant urged that during the jury’s deliberations they received other testimony; that shortly after the jury retired they agreed upon a “guilty” verdict; that there was a ballot taken as to punishment, wherein several jurors were for a suspended sentence, several were for a short sentence up to ten years, and only two were for death or a long sentence.",1,Facts
17804,"In his motion for rehearing, appellant’s counsel, who did not represent him in the trial of this case, earnestly requests this court to consider the alleged error made by the trial court in admitting the testimony by deposition of the witness Teddy Skelly.",1,Facts
17614,"In order to show the act of intercourse, as alleged, the state relies upon appellant’s written confession made to the state’s attorney, the testimony of the appellant before the grand jury, and his admissions to the county welfare worker.",1,Facts
17501,"In proof of the prior conviction alleged, the state offered in evidence certified copies of an indictment, judgment, and sentence in Cause No. 5466, styled The State of Texas v. Bobby Welch on the docket of the district court of Palo Pinto County, which showed that on July 30, 1957, the defendant named therein was convicted of the offense of theft of an automobile of over the value of $50.",1,Facts
17858,"In rebuttal, the State called Jack Fussell, who testified that on January 13 he and appellant were drinking and riding around, that they turned off the road to Plantersville where they saw a small herd of cattle, that they were able to pen four of them, that later while a train was passing nearby they cut the gap and loaded the cattle into the truck which he was driving and then proceeded to the Houston Packing Company, where appellant sold the cattle for $570 and some cents, which he and appellant divided equally.",1,Facts
17426,"In that case the officer saw blood extracted from Brown, who had been taken to the hospital for that purpose.",1,Facts
17810,"In the absence of an objection at the time the deposition was offered and read, and in view of the waiver, appellant’s motion for rehearing is overruled.",5,Conclusion
17712,"In the absence of any showing that the juror acquired information material to the case, or of any discussion or wrongful use of anything she saw at the drug store, the juror’s visit to the drug store did not require that a new trial be granted.",1,Facts
17418,"In the effort to comply with appellant’s objection that a proper predicate had not been laid for Dr. Mason’s testimony, the",7,Invalid sentences
17848,"In the instant case, we feel that most of the statements made by the various witnesses in their testimony on the motion, for new trial constituted misstatements of law which no doubt caused the sentence imposed to be enhanced beyond what it would have been had the statements not been made.",4,Analysis
17661,"In the instant proceeding, appellant attempts to appeal from the order of the county court refusing to permit the filing of an amended bond and to reinstate the appeal.",1,Facts
17509,In the recent case of Dinsmore v.,7,Invalid sentences
17416,"In this connection we direct attention to the fact that the blood was extracted in the Emergency Room from appellant who desired a test, and was taken from the locked box in the Emergency Labratory some 30 or 40 feet from where it was extracted and tested.",4,Analysis
17415,"In view of appellant’s testimony and the testimony of Dr. Gibbons, we overrule appellant’s contention that the admission of Dr. Mason’s testimony was reversible error.",5,Conclusion
17811,"In view of our disposition of this case, a recitation of the facts will not be deemed necessary.",5,Conclusion
17816,"In view of our disposition of this case, we shall pretermit a discussion of the other contentions raised by appellant and confine ourselves solely to the contention of jury misconduct.",1,Facts
17423,"In view of the amount of alcohol found in the blood, had alcohol been used to cleanse it would not have affected the doctor’s conclusion that the result showed intoxication, hence would not warrant reversal.",5,Conclusion
17616,It is apparent that the confession and admissions of the appellant constitute all the incriminating evidence introduced by the state.,4,Analysis
17786,"It is appellant’s contention that the grand jury which returned the indictment against him was not legally empaneled because the record shows that the judges of the Criminal District Courts of Harris County in appointing grand jury commissioners and empaneling grand juries in the county were not following the provision of Article 52-158b, see.",7,Invalid sentences
17480,It is concluded that there was a substantial compliance with the requirement that the name of the principal be called distinctly at the court house door.,5,Conclusion
17521,It is from this reformed judgment that appellant prosecutes this appeal.,1,Facts
17477,It is insisted that the judgment nisi is invalid because the name of principal was not called distinctly at the court house door before the forfeiture of the recognizance.,4,Analysis
17538,It is insisted that the trial court erred in permitting a member of the grand jury to testify in rebuttal to testimony given by appellant on cross-examination by the state showing that he did not repudiate his written confession while testifying before the grand jury as he had' on the trial.,2,Issue
17840,"It is not clear from the facts in the Montello case as to when any discussion was had, but the dissenting opinion indicates that it must have occurred before the vote on the question of punishment.",1,Facts
17797,"It is noted, however, that, as heretofore shown, the order in the instant case transferring the cause to Criminal District Court No. 4 does recite that it was with permission of the court.",1,Facts
17683,It is our conclusion that the facts are sufficient to sustain the jury’s verdict.,5,Conclusion
17446,"It is the general rule that where the criminal intent originates in the mind of an accused, the fact that the officers furnish the opportunity for or aid the accused in the commission of a crime constitutes no defense to such a prosecution.",4,Analysis
17838,It is the state’s position that the exact question here presented was decided adversely to the appellant’s contention in Montello v.,7,Invalid sentences
17590,It remained at the scene until after the bodies of the two boys were carried away by ambulance called by Don Wayne Langford.,1,Facts
17818,"It was further alleged that several jurors then brought up the Selby murder case, about which they had read in the newspapers, to the effect that Selby was given life — which meant that he would serve only seven or eight years; that, after several hours of this type argument and the receipt of other testimony about the Selby case and other cases, it was this argument about what “life” meant that finally brought the ten jurors from a suspended sentence, or a short term, up to a life sentence.",1,Facts
17417,"It was identified by the report attached thereto which contained information corresponding with the other hospital records, of which it became a part, as blood of Jesse E. Ray.",4,Analysis
17500,It was shown that at the time appellant delivered the check to the prosecuting witness he did not have funds on deposit in the bank with which to pay the same and that his account in the bank had been closed for more than a year.,1,Facts
17699,"It will be noticed that the evidence does not suggest that appellant was in a seizure or was suffering the effects of a seizure at the time he went from Houston to Anahuac, climbed up the drain pipe to the roof of the drug store, took all the narcotics he could find as well as other property, and climbed out through the hole in the roof.",4,Analysis
17768,"J. Crawford, testified that he saw the deceased and Robert scuffling as he entered a cafe, heard a lady say “don’t shoot,” then heard a shot and when he returned to the street he saw the deceased running with his back to the man with the pistol who shot twice more at the deceased.",1,Facts
17729,James Lyles and myself climbed out of the drugstore through the hole we had drilled in the roof.,1,Facts
17730,James Lyles and myself got into the 1950 Studebaker automobile and went toward Houston on State Highway 73 and spent the night at a motel near Greens Bayou or Channelview.,1,Facts
17724,James Lyles took the skylight out and bored a hole through the roof with a brace and bit.,1,Facts
17718,James Lyles was driving a 1950 Studebaker owned by Doris Jean Tidwell who I believe lives in Houston.,1,Facts
17668,"Jimmy D. Trickett and two other police officers of the city of Abilene went to appellant’s home about 3:15 o’clock, a. m.",1,Facts
17466,"Judgment nisi was entered on February 23, 1959, when Phillip M.",7,Invalid sentences
17836,"Lucas, the last witness, testified that he was for life sentence on his first ballot; that the jury took about eighteen or twenty more ballots; that at one point he came down to ten years.",1,Facts
17691,"Lyles made a statement and showed the officers where the property introduced in evidence and identified as that taken from the Wilcox Drug Store, and some tools, were hidden in the weeds on Brian Bayou Road.",1,Facts
17414,Morris was shown to have subsequently retired and moved to Indiana.,4,Analysis
17394,"Mrs Hill testified that she had seen people that she knew were drunk before, and her opinion was that appellant “was dead drunk.”",1,Facts
17389,"Mrs Hill witnessed the collision and testified that appellant, as he sat behind the wheel after the collision, “was just kind of in a stupor or daze * * * .",1,Facts
17387,Mrs. Haynes witnessed the collision and observed appellant sitting in the automobile he was driving.,1,Facts
17710,"Mrs. Pollard, the only woman on the jury, testified that the trial lasted two days; that on the second day she went to “Clores” for lunch, accompanied by a lady deputy sheriff; that after lunch they went to the post office and to Wilcox’ Drug Store where she saw appellant’s counsel:",1,Facts
17703,Mrs. Williams having testified that he lost consciousness and that “he gets to where he doesn’t know a thing.,1,Facts
17698,"Mrs. Williams testified that he had a seizure a week before the trial; that about a month before the trial, and again three weeks later he cut his wrists; that he had been having epileptic seizures two years; that the last one was in the doctor’s office and lasted 10 or 15 minutes; that he became unconscious when he had such seizures.",1,Facts
17700,"Mrs. Williams’ testimony, on the other hand, shows that he could not have committed the burglary had he at the time been in a seizure or suffering from the effects of a recent seizure.",4,Analysis
17815,"Murder with malice is the offense, with punishment assessed at life imprisonment in the penitentiary.",3,Rule/Law/Holding
17476,Neither did the sureties bring themselves within any of the statutory provisions which would exonerate them or under which a forfeiture could be remitted.,4,Analysis
17383,No brief has been filed in appellant’s behalf and there are no bills of exception.,1,Facts
17735,"No brief has been filed in appellant’s behalf, and there are no formal bills of exception.",1,Facts
17429,No hospital records were offered.,1,Facts
17783,No motion to quash the indictment or plea to the court’s jurisdiction was filed by appellant in the trial court.,1,Facts
17542,No objection was made when the testimony was introduced and no reason was shown for the failure to do so.,1,Facts
17475,No proof was offered showing that the principal had good cause for not appearing and attending the court as he had bound himself to do in the recognizance.,4,Analysis
17551,No results of the test were offered or shown.,1,Facts
17716,"No reversible error appearing, the judgment is affirmed.",5,Conclusion
17491,No statement of facts has been filed,7,Invalid sentences
17529,No variance is presented.,1,Facts
17761,No weapons were exhibited by the deceased at any time and none were found on his body or at the scene.,1,Facts
17854,O. P. McGrew testified that he bought the four cattle from appellant at the Houston Packing Company at 7:30 A.M. on,7,Invalid sentences
12023,ON MOTION FOR REHEARING,7,Invalid sentences
12723,ON appellant’s motion for rehearing,7,Invalid sentences
17755,"Officer Ferris testified that when he arrived, he saw the appellant in a house next door to the cafe and saw him place something beside a door which upon recovery was shown to be a .22 pistol containing six live and three spent cartridges.",1,Facts
17673,Officer Trickett further testified that appellant’s wife jumped between him and the officers; that appellant cursed her and asked why she called the police; that after appellant struck her Officer Dillard took the gun from him; and that after he struck his wife again they “started after him * * * .,7,Invalid sentences
17803,On Appellant’s Motion for Rehearing,6,Others
17489,"On July 8, 1960, order was entered revoking said probation upon the finding by the court that appellant “has violated the terms of his adult probation heretofore accorded him, in that he has",7,Invalid sentences
17482,On Motion for Rehearing,6,Others
17687,On Motion to Reinstate the Appeal,6,Others
17570,"On September 16, 1960, application for revocation was filed, alleging that on said day he did make an assault on Charles Hight and also that he committed an aggravated assault upon Morgan Fuller, who was a constable in the lawful discharge of the duties of his office.",2,Issue
17519,On a former appeal of this case it was affirmed as shown by the opinion reported in Tex. Cr.,7,Invalid sentences
17573,"On cross examination, he admitted that after appellant hit him he grabbed Fuller’s pistol and would have killed appellant if he had not been prevented from doing so.",1,Facts
17407,"On cross-examination appellant testified that he wanted to take the test to decide whether or not he was drunk, and told them at Parkland Hospital he wanted to take a blood test, and that he thought the test would prove he was innocent.",1,Facts
17400,"On cross-examination he testified that the figure almost uniformly employed, above which prosecution occurs, and below which it may or may not occur, is .150.",2,Issue
17677,"On cross-examination, Officer Trickett testified that police headquarters had received a call that appellant was “after his wife with a gun.”",1,Facts
17527,On direct examination the injured party testified that the appellant received 2 rings and $7 cash for the $17 check and on cross-examination he stated in effect that appellant received $5.,1,Facts
17800,"On redirect examination, the state was permitted to show by the witness that appellant in such conversation was offered a blood test and agreed to take the same.",1,Facts
17636,"On redirect, she testified fully concerning her arrest, and we have been unable to find in the record any occasion in which the careful trial court improperly limited the examination or commented upon the weight of the evidence.",5,Conclusion
17488,One of the conditions of such probation was that he commit no offense against the laws of this State.,1,Facts
17738,One of the officers got out and recovered some of these contents while the officer proceeded to arrest the appellant.,1,Facts
17556,Opinion approved by the Court,5,Conclusion
11990,Opinion approved by the Court.,5,Conclusion
17802,Opinion approved by the court.,5,Conclusion
17457,Other contentions urged by appellant have been considered and are overruled.,5,Conclusion
17384,Our prior opinion is withdrawn.,5,Conclusion
17832,"Patrick K. Duffy, the state’s only witness, and foreman of the jury on the trial of the case, testified that he voted for the death penalty on the first ballot; that the Selby case was only mentioned when someone said: “if [Selby] was in Houston he would have gotten the death penalty, and someone said they read in the newspaper that he could be eligible for parole in 8 or 10 years or something of that nature.”",1,Facts
17443,Proof that appellant was acting as an agent for the State’s witness Armstrong in the transaction did not render the evidence insufficient to sustain the conviction for unlawful possession of the heroin.,5,Conclusion
17510,"R. 504, 335 S. W. 2d 612, similar proof was held sufficient to sustain a conviction for theft by false pretext.",7,Invalid sentences
17371,"Realtor is confined in the penitentiary under a 25 year sentence pronounced in Cause No. 18162 in Criminal District Court of Jefferson County, Texas, on July 12, 1951.",3,Rule/Law/Holding
17493,Reliance is had upon Harris v.,7,Invalid sentences
17485,"Remaining convinced that we properly disposed of this cause originally, appellant’s motion for rehearing is overruled.",5,Conclusion
17764,"Robert and appellant returned that afternoon and engaged in another dice game, and Robert had several dollars in his hand when the deceased entered the room with a paper bag in his hand and began cursing him, and told him that he had thought about the money the proprietor had given him and he had come back to take it, and put the paper bag in his pocket and grabbed him.",1,Facts
17763,Robert’s testimony shows that he owned the .22 pistol and had it with him during the morning dice game when the deceased took $5 of his money and when he pulled his pistol and demanded his money the proprietor gave him $4.90 and he left.,1,Facts
17770,"S. LaMothe, called by appellant, testified that the deceased and the appellant were wrestling over a gun when he first saw them, and the deceased was trying to hold the arm of the hand in which appellant had the gun; that they were about eighteen inches apart at the time of the first shot and on the second shot the deceased turned loose and ran; and he did not see the deceased with any weapon.",1,Facts
17487,"Sentence was pronounced on January 7, 1960, but its execution was suspended and he was granted probation.",1,Facts
17820,"Seven of the jurors who served in the case testified upon the hearing of the motion, six of them being witnesses for the appellant and one being a witness for the state.",1,Facts
17635,She had testified without objection that she had paid a fine for being drunk on the occasion in question.,1,Facts
17630,"She testified further that she was with appellant when he was arrested at 4:00 A.M. in Sweetwater for the prior misdemeanor conviction of driving while intoxicated and that she paid the sheriff the fine at 2:00 P.M. on that same day, and that insofar as she knew appellant had not gone before a magistrate to enter a plea in such case.",1,Facts
17388,"She testified that his eyes were rather glassy looking; that she had seen many intoxicated persons and that from seeing his eyes and how he sat in the car, and seeing him being helped into the ambulance later on, expressed the opinion that appellant was highly intoxicated.",1,Facts
17711,"She testified that the drug store was the place that was burglarized; that she did not discuss the case and there was no conversation about the case at all; that the officer was with her at all times; that she did not go back to where the prescriptions are filled; that she did not talk to Mr. Wilcox, the owner, and did not know him; and did not inspect the roof or observe anything about the prescription department while in the drug store.",1,Facts
17855,"Sheriff Johnson testified that he found a boot heel and a shoe impression near the pen at Meineke’s pasture, made a plaster cast of the same, later compared them with the shoes worn by appellant and found them to fit perfectly.",1,Facts
17495,State lies in the fact that the revocation of appellant’s probation was based upon the finding that he,7,Invalid sentences
17605,Such a conviction cannot be permitted to stand.,5,Conclusion
17617,"Such extrajudicial confession and admissions, standing alone, are not sufficient proof of the corpus delicti.",5,Conclusion
17792,Such order of appointment of the grand jury commissioners was in compliance with the statute.,1,Facts
17513,Such testimony was sufficient to show that the automobile was of the value of $50 and over as found by the jury in their verdict.,5,Conclusion
17649,"Tafolla testified that at the time in question he was working as a special employee of the Federal Narcotics Bureau as well as the San Antonio police; that Frost, Ortiz and Bland came to his house, searched him, gave him ten dollars, and proceeded to a certain point in the city, parked the government automobile and Bland got out and walked in the direction of the Soto cafe.",1,Facts
17778,"Testifying in his own behalf, appellant admitted driving his automobile on the occasion in question and admitted having consumed two beers prior to the collision, but denied that he was intoxicated.",1,Facts
17828,"The .witness’ further testimony was that all the jurors agreed on a ten-year sentence except one man, who held out for fifteen or twenty years; that they believed “that a parole could be possible within the same length of time if it was life or ten years”; that after further discussion the jurors all finally agreed on a life sentence.",1,Facts
17589,The 1951 Ford came to a stop knocking down several fence posts after it struck the 1955 Ford and the two boys.,1,Facts
17847,"The Mays case was reversed because a juror said that appellant would have to serve one year and three months on a five-year sentence, when, actually, he would have to serve one year and eight months —which was a longer period than that stated by the juror.",4,Analysis
17456,The admission of such evidence was not error.,5,Conclusion
17583,The appeal is dismissed.,5,Conclusion
17734,The appeal is from a judgment finding appellant guilty as charged and assessing his punishment at five months in jail.,1,Facts
17759,"The appellant insists that the trial court erred in refusing to charge the jury on the law of justifiable homicide to prevent robbery, self-defense, and defense of another.",2,Issue
17526,The assistant cashier at appellant’s bank testified that he had care and control of the bank’s customer deposit records and that the $17 check was presented for payment in due course and was returned unpaid because of insufficient funds in the appellant’s account.,1,Facts
17528,The averment in the information that appellant rceived $7 in exchange for the check is not descriptive of the offense charged and proof of the receipt of $5 is sufficient to support the allegation.,5,Conclusion
17427,The blood sample was sent to Austin by a physician who found it in the refrigerator and mailed it to Austin for analysis.,1,Facts
17601,The brother chose to call an ambulance.,1,Facts
17694,"The burglary was committed on the night of October 9, 1959.",1,Facts
17652,The chain of custody of the capsule and the fact that it contained heroin were adequately established.,1,Facts
17373,The conviction is attacked as void for the reason that the mandatory requirements of Art. 10a V.A.C.C.P.,7,Invalid sentences
17584,"The conviction is for failure to stop and render aid; the punishment, one year in jail and a fine of $500.",3,Rule/Law/Holding
17497,The conviction is for felony theft with a prior conviction for an offense of like character alleged for the purpose of enhancement,7,Invalid sentences
17612,"The conviction is for incest; the punishment, ten years.",3,Rule/Law/Holding
17743,"The conviction is for murder; the punishment, twenty-five years.",3,Rule/Law/Holding
17432,"The conviction is for the unlawful possession of a narcotic drug, to wit: heroin; the punishment, 2 years,",3,Rule/Law/Holding
17537,The court in its charge submitted the issue of the voluntary character of appellant’s written statement to the jury.,1,Facts
17639,The court instructed the jury to acquit for the felony offense if they had a reasonable doubt as to appellant having appeared before the court to enter a plea in the prior misdemeanor convic,7,Invalid sentences
17448,The court properly submitted to the jury the issue of entrapment which was raised by the evidence and under the record we would be unauthorized to disturb its verdict.,5,Conclusion
17506,The court submitted the issue of appellant’s guilt to the jury under an appropriate instruction upon the law with reference to theft by false pretext.,2,Issue
17441,"The court submitted the issue of entrapment to the jury in his charge, defined the term “accomplice,” and also submitted the issue as to whether the State’s witness was an accomplice with an appropriate instruction as to the corroboration required to convict upon accomplice testimony.",2,Issue
17750,"The deceased grabbed Robert by the shirt and while they were arguing and scuffling appellant told the deceased that “If Robert owes you $5 I will pay it,” then the proprietor ordered them to leave.",1,Facts
17678,"The defensive testimony of appellant’s father was that appellant and his wife and some friends were present at a birthday party for his (the father’s) wife; that appellant and his wife lived nearby; that night he noticed no trouble between appellant and his wife; and that the party broke up about 1:30 or 2 o’clock, clock.",1,Facts
17494,The distinction between the case before us and Harris v.,7,Invalid sentences
17428,The doctor was not present when the blood was drawn and testified that all he knew about the blood was what he had been told.,1,Facts
17386,The driver of the other car testified that he smelled “the heavy odor of beer in the car” but that he could not conscientiously judge whether appellant was intoxicated.,1,Facts
17452,The duration or length of time the capsules were under appellant’s control would not determine the question of her possession of the same.,1,Facts
17450,The evidence,6,Others
17826,The evidence adduced from the seven witnesses testifying on the motion for new trial is summarized as follows:,6,Others
17431,"The evidence being sufficient to sustain the coftviction and no reversible error appearing, the judgment is affirmed and appellant motion for rehearing is overruled.",5,Conclusion
17508,The evidence clearly shows that appellant obtained possession of the automobile from the prosecuting witness by the giving of a worthless check.,4,Analysis
17771,"The evidence fails to raise the issue that when he shot the deceased, appellant believed himself or anyone present to be in danger of death or serious bodily injury at the hands of the deceased, or that appellant shot the deceased because of any robbery.",4,Analysis
17773,"The evidence is sufficient to support the conviction and no error appearing, the judgment is affirmed.",5,Conclusion
12633,"The evidence is sufficient to support the conviction and no reversible error appearing, the judgment is affirmed.",5,Conclusion
17740,The evidence is sufficient to sustain the conviction and we find no reversible error.,5,Conclusion
17705,"The evidence shows that appellant and Lyles were acting together in the burglary and theft, hence were co-conspirators.",4,Analysis
17688,"The evidence shows that during the night of October 9th the Wilcox Drug Store, in Anahuac, was burglarized and an assortment of narcotics, a radio, a wrist watch, and other merchandise were stolen.",1,Facts
17736,The evidence shows that two officers saw appellant driving on a freeway in Harris County and followed him.,1,Facts
17775,"The evidence was undisputed that on the date alleged, the appellant, while driving his automobile upon a public street and highway in Harris County, was involved in a collision with two other automobiles.",1,Facts
17696,The evidence which appellant contends raised the issue of insanity at the time the burglary was committed is that of his mother who testified that he was subject to epileptic seizures which lasted for five or ten minutes: “He gets to where he doesn’t know a thing.,4,Analysis
17375,"The facts are in effect the same as in Ex Parte Foster, 162",4,Analysis
17472,"The final judgment entered June 17, 1960, reads in part as follows:",7,Invalid sentences
17539,"The grand juror testified, without objection, that the appellant had appeared before the grand jury and had been told that he did not have to testify but was free to leave which he declined and then he was handed his written statement which had been introduced in evidence by the state.",4,Analysis
17585,"The indictment alleged that appellant, while operating and controlling an automobile, struck Thomas Abner Langford with said automobile and injured him, and that appellant unlawfully failed to stop and to render to Thomas Abner Langford all necessary assistance by failing to carry Thomas Abner Langford to a physician and surgeon for treatment required by reason of such injuries.",1,Facts
17812,The indictment is fundamentally defective in that nowhere therein is there a description of the property taken other than “corporeal personal property.”,4,Analysis
17785,"The indictment was presented by the grand jury into the Criminal District Court on October 21, 1959 and, in accordance with law,",7,Invalid sentences
17474,"The indictment, the recognizance, the judgment nisi and the mandate of the Texas Court of Criminal Appeals affirming the judgment of the trial court were introduced in evidence and they appear to be regular and valid.",4,Analysis
17685,"The informal bills of exception appearing have been examined, and we find no reversible error.",5,Conclusion
17522,"The information alleges that, in exchange for $7 cash, the appellant, with fraudulent intent, gave the injured party a $17 check drawn on his bank account knowing at the time that he had insufficient funds in the account to pay the check and that the check was returned unpaid for that reason.",1,Facts
17852,The injured party Meineke testified that he saw his seven head of cattle in his little field pasture on the Plantersville Road at 5:30 P.M. on January 13 but that when he returned at 6:00 A.M. the following morning four of them were missing.,1,Facts
17449,The issue as to whether the state’s witness Armstrong was an accomplice was properly submitted to the jury.,5,Conclusion
11907,The judgment is affirmed.,5,Conclusion
11878,The judgment is reversed and the cause remanded.,5,Conclusion
17562,The judgment nisi entered against the principal and sureties on the bond recites that the judgment would be made final unless good cause be shown by the surities on said bond why the defendant did not appear by “filing a written answer at or before 10:00 o’clock A.M. of the Monday next after the expiration of 20 days after the date of service of Scire Facias or citation :J: * *,7,Invalid sentences
17565,"The judgment nisi entered in the instant case does not comply with the statute, is clearly void and cannot support the final judgment from which appellant prosecutes the appeal.",4,Analysis
17479,The judgment nisi recites that the name of the principal was called distinctly at the door of the court house.,1,Facts
17382,The jury chose to accept Butler’s testimony and the evidence is sufficient to sustain the verdict.,5,Conclusion
17781,The jury chose-to resolve the disputed issue of intoxication against the appellant and we find the evidence sufficient to sustain its verdict.,5,Conclusion
17713,"The motion for new trial alleged that the juror “was permitted to sit at a table with the matron in charge and two other persons, and there visited and carried on a conversation with said persons.”",1,Facts
17559,The motion for rehearing is overruled.,5,Conclusion
17819,The motion was supported by affidavits from two of the jurors.,1,Facts
17835,"The next witness, J. W. Mann, testified that his first ballot was for forty years; that he heard the Selby murder case mentioned only after they (the jury) had cast several ballots and had found appellant guilty; that Selby had been given a life sentence “and could get out in 7 or 8 years”; that before the jury arrived at a unanimous sentence of life there was a discussion as to the meaning of “life” being seven or eight years.",1,Facts
17831,"The next witness, Mrs. Richardson, testified that the Selby murder case, which had .recently beenrtried, “was mentioned as an example” in the discussion as to punishment; that the first few times the jurors voted there were over three in favor of a two-to-five year sentence, some for five to ten years, “some 10; some 25, some life, two or three death.”",1,Facts
17410,The objection was that the state had not proved up the chain of custody of the blood sample analyzed; had failed to lay a predicate for the admissibility of such testimony and that anything Dr. Mason testified to regarding the sample would be hearsay.,2,Issue
17621,"The offense is driving while intoxicated, a felony; the punishment, six months in jail and a fine of $500.00.",3,Rule/Law/Holding
17641,"The offense is the possession of heroin; the punishment, 10 years.",3,Rule/Law/Holding
17377,"The offense is the sale of whisky in a dry area; the punishment, 45 days in jail and a fine or $550.00.",3,Rule/Law/Holding
17422,The only content of the report which could be said to contradict appellant and sustain Dr. Gibbons and the record he made and testified from is that relating to the antiseptic used to cleanse the arm.,4,Analysis
17588,"The other two, Herschel Vick",7,Invalid sentences
17758,The physician further testified that death resulted from the two gun shot wounds in the abdomen.,1,Facts
17756,The pistol was identified at the trial as the one used to shoot the deceased.,1,Facts
17664,The power of this court and the judges thereof in mandamus proceedings is confined to the issuance of such writs where deemed necessary to enforce the jurisdiction of this court.,4,Analysis
17777,The prior misdemeanor conviction of appellant for driving while intoxicated was stipulated.,1,Facts
17627,"The prior misdemeanor conviction was established, and the plea of guilty judgment in said cause was introduced.",1,Facts
17742,The prior opinion is withdrawn and the following is substituted therefor.,1,Facts
17517,The prior opinion is withdrawn.,5,Conclusion
17523,The proof shows that the appellant first gave the injured party a check for $7 and received in return a ring and $2 in cash.,1,Facts
17613,"The prosecuting witness testified that she was the stepdaughter of the appellant, but she did not testify to any act of sexual intercourse with him.",1,Facts
17512,"The prosecuting witness, Hill, testified that the cash market value of the automobile was “between two and a quarter and three hundred dollars.”",1,Facts
17498,"The prosecuting witness, Joseph H. Hill, a used-car-dealer in the city of El Paso, testified that, on the date alleged, the appellant came to his place of business and negotiated with him for the purchase of a 1952 Hudson automobile; that in the transaction appellant signed and delivered a check to him in the amount of $175 drawn on the First State Bank of Abilene in which bank appellant represented he had an account; and that after delivering the check, appellant left with the automobile.",1,Facts
17532,"The prosecutrix, age sixteen, testified that the appellant was her father and that he had had sexual intercourse with her since she was 10 or 11 years of age, and that such acts, at times, were as frequent as twice a month including an act on or about April 2,1957 as alleged in the indictment.",1,Facts
17702,"The question to which the state’s objection was sustained was: “Mrs. Williams, from what you have observed and seen your son do under these conditions, do you have an opinion as to whether or not he knows the difference between right and wrong at the time he may be seized with these spells you testified to ?”",1,Facts
17582,The recognizance entered into by the appellant and his sureties does not state that they personally appeared in open court when the recognizance was made.,4,Analysis
17569,"The record before us reveals that appellant was on May 8, 1959, found guilty of felony theft and sentenced to five years; the execution of such sentence was probated upon condition that he would not violate the laws of this state.",1,Facts
17684,"The record contains no formal bills of exception, and the appellant has not favored us with a brief.",4,Analysis
17806,The record reflects no formal bill nor informal bill of exception.,4,Analysis
17799,"The record reflects that, on cross-examination of the witness, appellant first inquired of him as to the details of a conversation which he had with appellant at the scene of the collision.",1,Facts
17789,"The record shows that prior to the return of the indictment against appellant at the August 1959 term of the Criminal District Court, the Judges of Criminal District Court, Criminal District Court No. 3, and Criminal District Court No. 2 of Harris County, in the order named, had appointed grand jury commissioners to select grand juries for the November 1958, February 1959, and May 1959 terms of said courts.",1,Facts
17784,The record shows that the indictment was returned against appellant by a grand jury which was empaneled at the August 1959 term of the Criminal District Court of Harris County.,1,Facts
17662,The relief to which appellant appears to be entitled is one appropriate to a mandamus proceeding in a proper court to require the county judge to permit the amendment of the bond.,3,Rule/Law/Holding
17599,The remaining charge against him in the indictment is that,7,Invalid sentences
17709,The remaining claim for reversal is the contention that the court erred in overruling appellant’s motion for new trial based upon the fact that a member of the jury separated from other jurors and visited the drug store during the trial.,1,Facts
17413,"The report showed to have been signed by Police Officer Morris who, according to the report, was present when the blood was extracted by Dr. Gibbons in the Emergency Room.",4,Analysis
17821,The same two jurors who had executed affidavits in support of appellant’s motion for new trial were among the seven testifying at the hearing of the motion.,1,Facts
17715,The separation of a part of the jury with an officer is not cause for reversal if no probable injury is shown.,3,Rule/Law/Holding
17492,The sole ground advanced for setting aside the court’s order revoking probation is that the conviction for aggravated assault has not become final.,4,Analysis
17860,The sole question presented for review is the sufficiency of the evidence to support the conviction.,5,Conclusion
17412,"The specimen which was analyzed after being taken from the locked box by Dr. Mason was identified by the paper wrapped about the container which contained information corresponding to the hospital records from which Dr. Gibbons testified, and which became a part of the records of the hospital, which Dr. Mason exhibited to counsel at the trial and from which he testified.",4,Analysis
17502,The state also introduced in evidence certain,7,Invalid sentences
17822,"The state answered, controverting appellant’s motion, and in support of its answer attached thereto affidavits from all seven of the jurors who testified in the hearing upon such motion.",1,Facts
17825,The state did not directly nor conclusively controvert appellant’s fact issues — unless resort is to be made to the affidavits attached to the state’s answer and the statement of facts adduced at the hearing for new trial is to be disregarded.,4,Analysis
17533,The state offered proof showing the making by appellant of voluntary written statement to the sheriff pertaining to the offense charged in this case and it was admitted in evidence.,1,Facts
17595,The state proved that he stopped and remained at the scene of the accident until after an ambulance had been called to remove the bodies of the two victims.,4,Analysis
17760,The state takes the position that the refusal to so charge was not error because the evidence does not raise any of these issues.,5,Conclusion
17534,The statement shows that the appellant had acts of sexual intercourse with the prosecutrix.,1,Facts
17433,"The state’s evidence shows that on the date alleged in the indictment the state’s witness, Everett Armstrong, while working undercover in the capacity of special employee for a Federal Narcotic Agent, went to the appellant’s apartment in the city of Houston.",1,Facts
17676,"The state’s further testimony reflects that appellant kicked Officer Trickett across the room, knocking him down; that the officer became violently ill and vomited, not knowing what happened from then on except that the other two officers took him to a hospital, where he spent the rest of the night and the next day.",1,Facts
17667,The state’s testimony reflects the following:,6,Others
17790,The statute creating Criminal District Courts Nos.,7,Invalid sentences
17463,"The testimony of Armstrong showing prior transactions with appellant was admitted to rebut such theory, and to rebut the defensive theory that appellant had no intent to possess heroin and possessed it only because she was induced to do so by Armstrong.",4,Analysis
17744,"The testimony of the state shows that during the morning of March 12,1959 appellant’s brother Robert Williams, the deceased and several other colored men, were engaged in a dice game.",1,Facts
17454,The testimony was admitted by the court on the issue of appellant’s intent in the transaction and in his charge the Court limited the jury’s consideration of such testimony to solely the purpose for which it was admitted.,2,Issue
17577,"The trial court had the right to disbelieve the testimony of appellant and his witness, and his order indicates that he did.",5,Conclusion
17823,The two affiants whose affidavits were attached to the motion for new trial executed the instruments on August 19 and,7,Invalid sentences
17638,The two items of evidence which he tendered were in existence prior to the time of trial and were cumulative of the evidence adduced at the trial and were therefore not such newly discovered evidence as to call for a new trial.,5,Conclusion
17586,The undisputed evidence shows that a 1951 Ford automobile traveling at a high rate of speed struck a 1955 Ford automobile which had just been pulled out of the ditch.,1,Facts
17385,The undisputed evidence shows that appellant was driving an automobile upon a public highway and was involved in a collision with another automobile.,1,Facts
17379,The whisky was introduced in evidence.,1,Facts
17670,"The wife was sobbing and talking excitedly, saying that her husband was in the house.",1,Facts
17622,"The witness Boswell testified that, while he was driving a gasoline tank truck and while halted at an intersection in obedience to a red light, an automobile ran into the rear of his truck; that he immediately went to investigate and found appellant seated in the driver’s seat of the automobile which had collided with him.",1,Facts
17827,"The witness Goode testified, without dispute, that he and the other jurors voted by the secret code system; that they first determined appellant’s guilt and then on the first ballot or so there was a rather wide variance in the verdict, some being for a suspended sentence, some up to several years, some up to life imprisonment, and two or three for the electric chair; that after this vote, and before a unanimous decision the jurors discussed what “life in the penitentiary” meant, and interpreted it as meaning confinement in the penitentiary for seven or eight years; and that the Selby murder case was mentioned.",1,Facts
17671,"The witness Trickett testified that she gave the officer permission to go inside, where they found appellant lying on a bed.",1,Facts
17596,"The witness William C. Robinson, called by the state, testified that he and his wife came upon the scene of the accident about 8:50 P.M., that they got out of their car and “walked over to the spot where the bodies were lying * * * The first thing I said when I walked up there, I asked someone, I don’t recall who it was, if an ambulance and the police had been called, and they said yes.",1,Facts
17834,The witness further stated that he recalled the Selby case coming up before any vote was ever taken on a verdict.,1,Facts
17833,The witness repeated that the Selby case was mentioned only in that one instance in a two or three-mimite discussion as to how much time a person would have to serve if he got “life.”,1,Facts
17436,"The witness stated that he then returned to the apartment and appellant remained downstairs; that in some 15 or 20 minutes appellant came up to the apartment and asked him for $21 which he gave her; that after appellant left, he looked out of the window and saw a Mexican man drive up in an automobile and m some 2 or 3 minutes appellant returned to the apartment with a Mexican woman; that the Mexican woman then gave the appellant a piece of paper and, after the woman left, appellant handed the witness a red cellophane package which contained 3 capsules.",1,Facts
17499,"The witness testified that he then mailed the check direct to the bank upon which it was 'drawn, that it was returned to him unpaid, and that he had never received any money for the automobile.",1,Facts
17434,"The witness testified that upon arriving at the apartment he asked appellant if she could “score” for him which meant that she would pick up some heroin for him; that appellant replied that she could, but would have to make a telephone call; that they then went downstairs and walked to a telephone booth which appellant entered and placed a call; that after appellant came out of the booth, he asked her, “How is everything” to which she replied, “Okay.",1,Facts
17376,The writ of habeas corpus is granted and realtor is ordered released from further confinement under said sentence and delivered to the sheriff of Jefferson County to await the further orders of the Criminal District Court of said County in Cause No. 18162.,5,Conclusion
17549,The “objection” which assigned no grounds to support it was overruled and the motion for a mistrial was not ruled on by the court or again mentioned or considered.,5,Conclusion
17550,The “test” and what happened in Lubbock where he went for a test and where the statement was written was shown by appellant’s testimony and the testimony of other witnesses without objection.,1,Facts
17471,There is no showing that such motion was ever presented to or acted upon by the trial court.,1,Facts
17618,There must be extrinsic corroborative evidence in addition to the confession and admissions in order to snpport the conviction.,4,Analysis
17591,"There was evidence sufficient to establish that the 1951 Ford belonged to appellant, but no witness testified that he was driving or was in control of said 1951 Ford when it struck and injured the boys.",1,Facts
17430,"There was no locked receptacle to safeguard blood samples, and the sample was identified only by the name N. Brown, the defendant being Nauflet Brown, who did not testify.",1,Facts
17739,There was sufficient evidence introduced without objection to sustain the allegation of the complaint and information as to the prior convictions.,5,Conclusion
17600,"There were others present with other vehicles who, had it been necessary or proper for the boys to have been carried to a physician or surgeon or to a hospital, could and no doubt would have performed this service.",1,Facts
17727,There were two safes in the drugstore.,1,Facts
17772,"Therefore, the failure to give the requested charge was not error.",5,Conclusion
17544,"These motions to strike the testimony catae too late, hence no error is presented .",5,Conclusion
17644,They testified that Agent Bland first left the automobile and walked in the direction of the intersection of Zarzamora and Guadalupe Streets,1,Facts
17669,"They were met by appellant’s wife, coming around the house with a small child.",1,Facts
17719,This automobile was borrowed by James Lyles.,1,Facts
17844,This court held that the statements made in the jury room were not untrue and that appellant was not harmed thereby.,1,Facts
17663,This court’s jurisdiction in appeals in causes originating in the corporation court is limited to convictions where the fine assessed in the county court exceeds $100.,1,Facts
17518,"This is a conviction for unlawfully passing a worthless check, a misdemeanor with punishment assessed at 10 days in jail and a fine of $25.",3,Rule/Law/Holding
17561,"This is an appeal by Chester A. Oehler, as a surety upon the appearance bond of William Hood, from a final judgment of",7,Invalid sentences
17568,This is an appeal from an order revoking probation.,1,Facts
17490,This is an appeal from said order revoking probation.,1,Facts
17581,This is an appeal from the order entered in a habeas corpus proceeding.,1,Facts
17578,This review is limited to determining whether the trial judge abused his discretion in revoking probation.,1,Facts
17395,"Thomas J. Hill, who also witnessed the accident, testified that it appeared to him that appellant had been drinking.",1,Facts
17609,"Though he did choose to return to to the scene as a spectator prior to the removal of the bodies, his own witness admitted that she did not see appellant “at any time attempting to render any aid” or “making any arrangements at all to assist.”",4,Analysis
17714,"To sustain such allegation appellant interrogated the juror, but made no inquiry as to whether she “visited or carried on a conversation” with anyone, except that he brought out from the juror her testimony that there was no conversation about the case at all, and that she did not discuss the case with anyone while she was in the drug store.",1,Facts
17592,"To sustain the allegations of the indictment it was incumbent upon the state to show either that the defendant was driving the automobile which struck and injured Thomas Abner Langford, or that he was so acting as to be a principal with the driver of said car.",1,Facts
17548,To this answer appellant’s counsel stated: “I object at this time to the testimony of Mr. Andrews and move for a mistrial on the ground that he has injected the question of a lie detector test.”,1,Facts
17626,"Toxicologist Metz testified that an examination of the specimen of appellant’s blood showed that it contained .165 percent of alcohol, which, according to standards set by the American Medical Association and the National Safety Council, indicated intoxication.",1,Facts
17438,Treasury Department showed that they contained heroin.,1,Facts
17372,"Trial in said cause was before the court, a jury being waived.",1,Facts
17675,"Trickett also testified that he and Officer Sterling, both wearing a badge and a gun, were attempting to arrest the appellant for the assault made upon his wife in their presence.",1,Facts
17733,Two prior convictions for possession of policy paraphernalia were alleged for enhancement of punishment purposes.,1,Facts
17642,"U. S. Narcotic Agent Frost and Officer Ortiz of the San Antonio police narcotic division testified that, in company with U. S.",7,Invalid sentences
17442,"Under the record presented, we find the evidence sufficient to sustain the conviction.",5,Conclusion
17455,"Under the record, with entrapment interposed as a defense, the evidence of prior sales of heroin by appellant to the witness, although extraneous offenses, was admissible on the issue of her intent.",5,Conclusion
17850,"Under this record, we are of the opinion that the incorrect statements made by the various jurors in their discussions and the subsequent vote on the part of some of the jurors to increase the penalty constituted misconduct to the extent that this appellant has not received a fair and impartial trial.",5,Conclusion
17708,We also overrule the contention that an issue should have been submitted to the jury as to whether or not a conspiracy to commit the burglary and theft existed.,5,Conclusion
17445,"We are unable to agree that the evidence shows entrapment of appellant, as a matter of law, in commission of the offense.",5,Conclusion
17793,We are unable to agree with appellant that the provision in the statute that the judges shall “successively appoint” the grand jury commissioners and empanel grand juries means appointment of the grand jury commissioners and empanelment of the grand juries by the district judges in consecutive numerical order - of the courts over which they preside.,5,Conclusion
17665,We are without jurisdiction to enter any order herein other than to dismiss the appeal.,5,Conclusion
17861,We call attention to the evidence as to the comparison of the plaster cast with appellant’s shoe plus the fact that appellant gave a fictitious address when he sold the cattle.,4,Analysis
17723,We climbed up the drain pipe.,1,Facts
17728,We didn’t fool with the locked safe.,1,Facts
17842,We do not feel that the question here presented is in any way identical with the facts in Montello.,5,Conclusion
17656,"We do, however, conclude that the evidence as hereinbefore stated was sufficient to corroborate Tafolla’s testimony and to support this conviction under the charge as given.",5,Conclusion
17721,We drove around and seen the drug store.,1,Facts
17511,We find no merit in appelant’s contention that the state failed to prove the value of the stolen automobile.,5,Conclusion
17451,We find no merit in appellant’s contention that the evidence is insufficient to show that she possessed the capsules of heroin because the testimony showed that she only had them in her possession for approximately 25 seconds before delivering them to the state’s witness.,5,Conclusion
17794,"We find no merit in appellant’s contention that, because the order transferring the cause from Criminal District Court No. 2 to Criminal District Court did not recite that it was transferred with consent of the court, the order was void by reason of the provision of Article 52-158b, sec.",7,Invalid sentences
17807,We find no merit in appellant’s contention.,5,Conclusion
17579,We find the evidence set forth above to show no abuse of discretion.,5,Conclusion
17640,"We find the evidence sufficient to support the conviction and no reversible error appearing, the judgment of the trial court is affirmed.",5,Conclusion
17507,We first overrule appellant’s contention that the evidence is insufficient to sustain the conviction.,5,Conclusion
17722,We got out of the car and went to the back of the store.,1,Facts
17558,We have again reviewed the record in the light of appellant’s,7,Invalid sentences
17593,"We held in the' last cited case that proof that the defendant owned the truck involved in an accident was not evidence of an incriminating character which tended to connect him with the commission of the offense of failing to stop and render aid, and was insufficient to corroborate the testimony of an accomplice witness who testified he was the driver.",4,Analysis
17655,We need not pass upon the question as to whether or not Tafolla was an accomplice witness because the trial court instructed the jury that he was and further charged them on the law of circumstantial evidence.,4,Analysis
17824,We observe that all the affidavits attached to the state’s answer are practically identical in length and in meaning.,1,Facts
17514,"We overrule appellant’s contention that the court erred in permitting the state to make proof of the prior alleged conviction and in identifying him as the person so convicted by introducing in evidence the certified copies of the indictment, judgment, sentence, and commitment in the prior case, together with the authenticated prison records and the evidence of fingerprint",5,Conclusion
17707,We overrule the contention that the stolen property and tools recovered were inadmissible.,5,Conclusion
17633,We shall discuss the question raised by brief and in argument.,1,Facts
17720,"We stopped several places to have a beer and we arrived in Anahuac, Texas, about 12:30 A.M. on Saturday, October 10, 1959.",1,Facts
17726,"We took a portable radio, cigrette lighters and a watch, necklaces and other costume jewelry.",1,Facts
17725,We took all the narcotics we could find.,1,Facts
17411,"What appellant conceives to be the missing proof is how the blood taken from appellant’s arm got from the Emergency Room, where it was extracted, to the locked box in the Emergency Labratory some 30 or 40 féet away.",2,Issue
17419,When Dr. Mason was asked to read it before the jury appellant’s objection: “I would like to have a predicate laid for this” was sustained.,5,Conclusion
17706,"When Lyles made a statement to the officers and pointed out the stolen property, and the tools used, the property jointly stolen had not been finally disposed of.",1,Facts
17753,"When Robert moved back from the deceased, a bystander told appellant, who was still waving his gun, not to shoot the deceased, and appellant replied, “You hush, because I will shoot you too,” and then appellant shot the deceased, and after the deceased had turned and was walking away, the appellant again shot him.",1,Facts
17672,"When they turned a flashlight on him, appellant jumped up and started cursing loudly, using very vile language, and grabbed a .22 rifle.",1,Facts
17767,"While Robert and the deceased exchanged blows, Robert placed the money in his left coat pocket which the deceased tore off, but Robert did not see the money fall out.",1,Facts
17766,"While the deceased was forcing him outside, Robert’s pistol began to slip from him and the appellant took it.",1,Facts
17444,"While the indictment charged the appellant in separate counts with both an unlawful sale and possession of the herion, the court submitted only the issue of unlawful possession to the jury.",5,Conclusion
17751,"While they were in a clinch on the outside, Robert had some money in his hand and the deceased was saying, “Pay me my money.”",1,Facts
12241,With such contention we do not agree.,1,Facts
17813,"Without a further description, the accused was not put on notice as to what he was alleged to have taken by force.",1,Facts
17776,"Witnesses called by the state, who observed appellant at the scene after the collision, testified that they could smell alcohol on his breath; that he walked “very unstable,” “staggering”; that he talked “incoherent,” with a “thick speech”; and expressed the opinion that at such time he was intoxicated.",1,Facts
17405,"a stretcher, in the Emergency Room; that later a policeman, nurse and doctor came up and “asked me if I wanted to take a blood test * * * I said yes” *** and that the doctor extracted blood from his left arm after washing if with what smelled like alcohol.",7,Invalid sentences
17830,"pen” and that a life sentence, with good behavior, would mean seven or eight years; that they, the jurors, then arrived at a verdict of life imprisonment.",7,Invalid sentences
17403,that he told his wife “we would just sit in the car until the ambulance came.”,1,Facts
17374,"were not complied with, and the attorney for the state did not sign and file consent and approval to the waiver of a jury.",7,Invalid sentences
17396,"“He wasn’t walking too good,” he might have been dazed.",1,Facts
17717,"“James Lyles and myself left Houston about 10:00 P.M. on Friday, October 9, 1959, and from a drugstore located at Navigation and Wayside.",1,Facts
